timestamp,issue
2026-03-25 08:00,Password reset
2026-03-25 08:20,MFA setup issue
2026-03-25 08:32,Login issue
2026-03-25 09:21,Shared mailbox access
2026-03-25 11:00,Shared mailbox access
2026-03-25 12:10,Password reset
2026-03-25 12:48,Password reset
2026-03-25 10:48,VPN not connecting
2026-03-25 11:52,Outlook not opening
2026-03-25 15:30,VPN not connecting
2026-03-25 10:40,Password reset
2026-03-25 15:53,Outlook not opening
2026-03-25 12:48,VPN not connecting
2026-03-25 15:09,Login issue
2026-03-25 15:56,MFA setup issue
2026-03-25 20:15,Password reset
2026-03-25 16:48,Shared mailbox access
2026-03-25 10:50,Wi-Fi issue
2026-03-25 22:42,Password reset
2026-03-25 12:45,Outlook not opening
2026-03-26 00:20,VPN not connecting
2026-03-25 11:30,VPN not connecting
2026-03-25 17:10,Login issue
2026-03-25 14:54,VPN not connecting
2026-03-25 17:12,Password reset
2026-03-25 19:15,Wi-Fi issue
2026-03-25 12:46,Wi-Fi issue
2026-03-26 09:12,Wi-Fi issue
2026-03-25 23:24,MFA setup issue
2026-03-26 02:22,MFA setup issue
2026-03-26 13:30,VPN not connecting
2026-03-26 11:54,Password reset
2026-03-26 15:28,MFA setup issue
2026-03-25 11:51,Wi-Fi issue
2026-03-25 13:06,Wi-Fi issue
2026-03-26 05:00,MFA setup issue
2026-03-25 22:24,MFA setup issue
2026-03-26 16:41,Login issue
2026-03-25 21:18,VPN not connecting
2026-03-26 11:57,MFA setup issue
2026-03-26 10:00,Outlook not opening
2026-03-26 12:42,Shared mailbox access
2026-03-26 17:36,Shared mailbox access
2026-03-26 14:06,Password reset
2026-03-26 22:52,Password reset
2026-03-26 19:15,MFA setup issue
2026-03-25 15:40,VPN not connecting
2026-03-26 09:04,VPN not connecting
2026-03-25 16:48,Shared mailbox access
2026-03-25 14:32,Outlook not opening
2026-03-27 02:30,Login issue
2026-03-27 10:09,VPN not connecting
2026-03-26 05:40,Outlook not opening
2026-03-25 12:25,MFA setup issue
2026-03-25 15:12,Shared mailbox access
2026-03-26 00:30,MFA setup issue
2026-03-27 16:00,VPN not connecting
2026-03-26 23:54,Wi-Fi issue
2026-03-27 13:10,Wi-Fi issue
2026-03-26 06:37,Wi-Fi issue
2026-03-27 09:00,Login issue
2026-03-25 20:12,VPN not connecting
2026-03-27 07:32,Password reset
2026-03-26 15:30,Password reset
2026-03-25 22:56,MFA setup issue
2026-03-27 09:50,Login issue
2026-03-26 19:12,MFA setup issue
2026-03-26 10:48,VPN not connecting
2026-03-26 01:00,Login issue
2026-03-26 08:09,Login issue
2026-03-26 16:40,Shared mailbox access
2026-03-26 10:02,MFA setup issue
2026-03-28 08:00,Shared mailbox access
2026-03-25 20:10,VPN not connecting
2026-03-26 03:44,MFA setup issue
2026-03-25 15:30,VPN not connecting
2026-03-25 23:12,Login issue
2026-03-25 14:25,VPN not connecting
2026-03-28 10:06,Login issue
2026-03-25 18:32,Password reset
2026-03-25 18:40,MFA setup issue
2026-03-27 23:27,MFA setup issue
2026-03-28 01:36,Login issue
2026-03-27 02:53,VPN not connecting
2026-03-26 06:24,Password reset
2026-03-28 06:50,MFA setup issue
2026-03-27 10:10,MFA setup issue
2026-03-27 16:33,Login issue
2026-03-27 14:16,Shared mailbox access
2026-03-27 19:20,VPN not connecting
2026-03-27 23:00,MFA setup issue
2026-03-27 07:01,Password reset
2026-03-27 09:04,VPN not connecting
2026-03-28 10:24,Password reset
2026-03-28 00:14,MFA setup issue
2026-03-27 20:10,VPN not connecting
2026-03-27 19:12,Login issue
2026-03-28 10:22,VPN not connecting
2026-03-26 16:40,Login issue
2026-03-27 04:33,Login issue
2026-03-28 06:00,Password reset
2026-03-26 19:21,Password reset
2026-03-27 00:48,Shared mailbox access
2026-03-29 09:51,Outlook not opening
2026-03-26 20:24,Outlook not opening
2026-03-27 12:30,Password reset
2026-03-27 21:50,Login issue
2026-03-27 22:25,Login issue
2026-03-29 18:12,VPN not connecting
2026-03-26 18:31,MFA setup issue
2026-03-29 20:10,Wi-Fi issue
2026-03-25 19:06,Outlook not opening
2026-03-25 22:56,Wi-Fi issue
2026-03-27 08:58,Outlook not opening
2026-03-29 16:30,Shared mailbox access
2026-03-26 03:10,VPN not connecting
2026-03-29 00:56,Wi-Fi issue
2026-03-27 16:33,Outlook not opening
2026-03-29 04:26,Login issue
2026-03-26 23:40,Outlook not opening
2026-03-28 20:00,Login issue
2026-03-28 12:38,Wi-Fi issue
2026-03-27 02:42,Shared mailbox access
2026-03-30 00:45,Outlook not opening
2026-03-26 23:16,Login issue
2026-03-27 12:05,Password reset
2026-03-27 23:00,Shared mailbox access
2026-03-25 22:49,Outlook not opening
2026-03-26 01:04,VPN not connecting
2026-03-26 16:15,MFA setup issue
2026-03-29 20:20,Login issue
2026-03-27 14:35,Outlook not opening
2026-03-26 21:24,Outlook not opening
2026-03-26 03:57,VPN not connecting
2026-03-27 20:18,Wi-Fi issue
2026-03-26 06:30,VPN not connecting
2026-03-29 02:40,Outlook not opening
2026-03-29 03:20,Password reset
2026-03-31 02:00,Password reset
2026-03-26 23:23,Login issue
2026-03-26 02:40,Wi-Fi issue
2026-03-29 03:39,VPN not connecting
2026-03-29 06:40,Wi-Fi issue
2026-03-27 07:40,VPN not connecting
2026-03-28 22:24,Wi-Fi issue
2026-03-31 09:00,MFA setup issue
2026-03-29 23:56,Login issue
2026-03-25 22:42,MFA setup issue
2026-03-30 13:48,MFA setup issue
2026-03-26 01:23,Login issue
